input_file,repetition,for,pixeltask,rowtask,serial
240x135-1000iter,{1..1..1},0.025008,0.0219479,0.016608,0.059974
480x270-1000iter,{1..1..1},0.104987,0.107509,0.098608,0.286047
960x540-1000iter,{1..1..1},0.466155,0.433629,0.319667,1.05085
1920x1080-1000iter,{1..1..1},1.7575,1.78082,1.2245,3.3166
3840x2160-1000iter,{1..1..1},6.60199,6.2809,4.43063,12.8588
7680x4320-1000iter,{1..1..1},24.99,31.3617,19.4015,53.0356
